{"cameraMode":{"drawMode":0,"name":"Shaded","section":"Shading Mode"},"sceneLighting":false,"audioPlay":false,"sceneViewState":{"m_AlwaysRefresh":false,"showFog":true,"showSkybox":false,"showFlares":true,"showImageEffects":true,"showParticleSystems":true,"showVisualEffectGraphs":true,"m_FxEnabled":true},"in2DMode":false,"pivot":{"x":0.13457393646240235,"y":5.802827835083008,"z":0.0893239974975586},"rotation":{"x":-0.04976380988955498,"y":0.9367550015449524,"z":-0.14906840026378632,"w":-0.31271857023239138},"size":10.36217212677002,"orthographic":false}