{"cameraMode":{"drawMode":0,"name":"Shaded","section":"Shading Mode"},"sceneLighting":false,"audioPlay":false,"sceneViewState":{"m_AlwaysRefresh":false,"showFog":true,"showSkybox":false,"showFlares":true,"showImageEffects":true,"showParticleSystems":true,"showVisualEffectGraphs":true,"m_FxEnabled":true},"in2DMode":false,"pivot":{"x":-5.066394805908203e-7,"y":0.847662091255188,"z":-0.002525806427001953},"rotation":{"x":-0.04976380988955498,"y":0.9367550015449524,"z":-0.14906840026378632,"w":-0.31271857023239138},"size":0.8764866590499878,"orthographic":false}