{"cameraMode":{"drawMode":0,"name":"Shaded","section":"Shading Mode"},"sceneLighting":true,"audioPlay":false,"sceneViewState":{"m_AlwaysRefresh":false,"showFog":true,"showSkybox":true,"showFlares":true,"showImageEffects":true,"showParticleSystems":true,"showVisualEffectGraphs":true,"m_FxEnabled":true},"in2DMode":false,"pivot":{"x":3.6035239696502687,"y":7.059366226196289,"z":59.48850631713867},"rotation":{"x":0.297405868768692,"y":-0.12809039652347566,"z":0.040310829877853397,"w":0.9453096985816956},"size":0.0035407415125519039,"orthographic":false}