{"cameraMode":{"drawMode":0,"name":"Shaded","section":"Shading Mode"},"sceneLighting":true,"audioPlay":false,"sceneViewState":{"m_AlwaysRefresh":false,"showFog":true,"showSkybox":true,"showFlares":true,"showImageEffects":true,"showParticleSystems":true,"showVisualEffectGraphs":true,"m_FxEnabled":true},"in2DMode":false,"pivot":{"x":-0.2237882912158966,"y":1.8898271322250367,"z":-3.238438606262207},"rotation":{"x":-0.13631188869476319,"y":0.03328157216310501,"z":-0.00455273175612092,"w":-0.9901277422904968},"size":0.049868885427713397,"orthographic":false}