{"cameraMode":{"drawMode":0,"name":"Shaded","section":"Shading Mode"},"sceneLighting":true,"audioPlay":false,"sceneViewState":{"m_AlwaysRefresh":false,"showFog":true,"showSkybox":true,"showFlares":true,"showImageEffects":true,"showParticleSystems":true,"showVisualEffectGraphs":true,"m_FxEnabled":true},"in2DMode":false,"pivot":{"x":-7.176846981048584,"y":3.2553417682647707,"z":-17.331737518310548},"rotation":{"x":-0.00856406893581152,"y":0.17048025131225587,"z":0.0014792473521083594,"w":0.9853684306144714},"size":0.009311581961810589,"orthographic":false}