{"cameraMode":{"drawMode":0,"name":"Shaded","section":"Shading Mode"},"sceneLighting":true,"audioPlay":false,"sceneViewState":{"m_AlwaysRefresh":false,"showFog":true,"showSkybox":true,"showFlares":true,"showImageEffects":true,"showParticleSystems":true,"showVisualEffectGraphs":true,"m_FxEnabled":true},"in2DMode":false,"pivot":{"x":1.3791553974151612,"y":1.0791289806365967,"z":1.1302638053894044},"rotation":{"x":-0.23269766569137574,"y":0.1386115700006485,"z":-0.03353927284479141,"w":-0.9620945453643799},"size":2.6704516410827638,"orthographic":false}