{"cameraMode":{"drawMode":0,"name":"Shaded","section":"Shading Mode"},"sceneLighting":true,"audioPlay":false,"sceneViewState":{"m_AlwaysRefresh":false,"showFog":true,"showSkybox":true,"showFlares":true,"showImageEffects":true,"showParticleSystems":true,"showVisualEffectGraphs":true,"m_FxEnabled":true},"in2DMode":false,"pivot":{"x":-0.9422003030776978,"y":1.9203258752822877,"z":-3.2608542442321779},"rotation":{"x":0.017651811242103578,"y":0.06504271179437638,"z":0.0011554838856682182,"w":-0.9977555871009827},"size":0.049868885427713397,"orthographic":false}